{
  "baseline": {
    "batch_size": 1,
    "throughput_rps": 19.347746668271313,
    "throughput_tok_s": 22.153058613268072,
    "ttft_p50_ms": 15505.255341529846,
    "tpot_p50_ms": 27.220726013183594,
    "latency_p50_ms": 12796.051263809204,
    "ttft_p99_ms": 42566.01003408432,
    "latency_p99_ms": 38913.897399902344
  },
  "optimized": {
    "batch_size": 8,
    "throughput_rps": 19.28666275347551,
    "throughput_tok_s": 99.35081125087096,
    "ttft_p50_ms": 19799.314260482788,
    "tpot_p50_ms": 40.720270104604225,
    "latency_p50_ms": 21606.72378540039,
    "ttft_p99_ms": 43697.817170619965,
    "latency_p99_ms": 43008.93790721893
  },
  "improvement_pct": -0.31571591174477387
}